{
 "LiH_12_JW": {
  "OG": 7.617029806467175,
  "De": 8.260747118658292,
  "SG": 6.84575261741748,
  "CMS": 6.528902530670166
 },
 "LiH_12_BK": {
  "OG": 7.846496838043924,
  "De": 10.68148150770368,
  "SG": 7.15770689735894,
  "CMS": 6.768977165222168
 },
 "H_chain/H6_12_JW": {
  "OG": 30.470180998029253,
  "De": 32.63547484297893,
  "SG": 27.351358233148158,
  "CMS": 24.9261474609375
 },
 "H_chain/H6_12_BK": {
  "OG": 35.90569237442298,
  "De": 48.24993387129075,
  "SG": 35.20927382817643,
  "CMS": 30.675832748413086
 },
 "H2O_14_JW": {
  "OG": 478.79465935577366,
  "De": 711.9580031367447,
  "SG": 431.7441998363653,
  "CMS": 429.7693786621094
 },
 "H2O_14_BK": {
  "OG": 517.808565492586,
  "SG": 454.0988464013066,
  "CMS": 454.8434143066406,
  "De": 890.7676973927095
 },
 "NH3_16_JW": {
  "OG": 357.0068976968876,
  "SG": 289.3832958520722,
  "CMS": 286.8829040527344,
  "De": 832.501414531311
 },
 "NH3_16_BK": {
  "OG": 398.7266540213296,
  "SG": 312.2418581714233,
  "CMS": 308.5155334472656,
  "De": 1110.9326257644393
 },
 "N2_20_JW": {
  "OG": 1114.5215230173008,
  "SG": 826.7336184895521,
  "CMS": 810.7144165039062,
  "De": 1571.2057955789119
 },
 "N2_20_BK": {
  "OG": 1045.1334599912361,
  "SG": 851.9115929752983,
  "CMS": 841.0064697265625,
  "De": 2002.3207007899916
 },
 "C2H2_24_JW": {
  "OG": 880.0200783707411,
  "SG": 637.8299879429655,
  "CMS": 580.4057006835938,
  "De": 1708.3496905316688
 },
 "C2H2_24_BK": {
  "OG": 878.6201190674643,
  "SG": 645.4230545051764,
  "CMS": 614.4271240234375,
  "De": 2424.130669850127
 },
 "C2H4_28_JW": {
  "OG": 1480.5078195125047,
  "SG": 1003.8106651843426,
  "CMS": 927.6632690429688,
  "De": 3692.2932512294283
 },
 "C2H4_28_BK": {
  "OG": 1640.8515310971147,
  "CMS": 1018.1353759765625,
  "SG": 1039.9353110941931,
  "De": 4907.528287675234
 },
 "CO2_30_JW": {
  "OG": 3500.3778311220913,
  "CMS": 2335.35205078125,
  "De": 11654.695593389935,
  "SG": 2442.129591115193
 },
 "CO2_30_BK": {
  "OG": 4169.414231638331,
  "CMS": 2677.31689453125,
  "De": 16348.64714702467,
  "SG": 2754.4757472807946
 }
}