{
 "LiH_12_JW": {
  "CMS": 14.607857704162598
 },
 "H_chain-H6_12_JW": {
  "CMS": 13.650181293487549
 },
 "H2O_14_JW": {
  "CMS": 13.110774755477905
 },
 "NH3_16_JW": {
  "CMS": 35.096482276916504
 },
 "N2_20_JW": {
  "CMS": 33.125837326049805
 },
 "LiH_12_BK": {
  "CMS": 9.35378098487854
 },
 "H_chain-H6_12_BK": {
  "CMS": 13.460638523101807
 },
 "H2O_14_BK": {
  "CMS": 13.159852266311646
 },
 "NH3_16_BK": {
  "CMS": 22.142433166503906
 },
 "N2_20_BK": {
  "CMS": 24.34474468231201
 },
 "C2H2_24_JW": {
  "CMS": 127.15462446212769
 },
 "C2H2_24_BK": {
  "CMS": 78.35945081710815
 },
 "C2H4_28_JW": {
  "CMS": 260.57647156715393
 },
 "C2H4_28_BK": {
  "CMS": 221.89550709724426
 },
 "CO2_30_BK": {
  "CMS": 287.3195414543152
 },
 "CO2_30_JW": {
  "CMS": 398.75246715545654
 }
}